{
  "_fv": 34,
  "_type": "recipe",
  "definition": {
    "recipeType": "Smithing",
    "xpReward": 0.0,
    "cookingTime": 200,
    "recipeRetstackSize": 1,
    "group": "",
    "recipeShapeless": false,
    "smithingInputStack": {
      "value": "CUSTOM:HotIronBillet"
    },
    "smithingInputAdditionStack": {
      "value": "CUSTOM:ForgingHammer"
    },
    "smithingReturnStack": {
      "value": "CUSTOM:HotIronSwordBillet"
    },
    "name": "iron_sword_billet_smith",
    "namespace": "mod"
  }
}